"Last crawled date","Author User Id","GPT Id","GPT Category","GPT Url","GPT Name","GPT Conversations","GPT Avg Stars","GPT Total Reviews","GPT Total Stars","GPT Description","GPT Creation Date","GPT Creation Datetime","GPT Update Date","GPT Update Datetime","GPT Logo Image URL","GPT Sharing Method","GPT Prompt Starter 1","GPT Prompt Starter 2","GPT Prompt Starter 3","GPT Prompt Starter 4","GPT Tags","GPT Capabilities Types","GPT Capabilities Actions Domains"
"2024-03-19","user-MV1EPMI80LBUBFXL3yqj7TxP","g-kZ0eYXlJe","research","https://chat.openai.com/g/g-kZ0eYXlJe-scholar-gpt","Scholar GPT",800000,4.08,20195,82298,"Enhance research with 200M+ resources and built-in critical reading skills. Access Google Scholar, PubMed, JSTOR, Arxiv, and more, effortlessly.","2023-11-15","2023-11-15T09:04:21.004009+00:00","2024-03-12","2024-03-12T20:01:54.060111+00:00","https://files.oaiusercontent.com/file-gk3ACPm7Tvy5DHe5aE9fqJ0W?se=2123-12-19T11%3A10%3A14Z&sp=r&sv=2021-08-06&sr=b&rscc=max-age%3D1209600%2C%20immutable&rscd=attachment%3B%20filename%3DFrame%2520612.png&sig=dTPAPU4773Mz4PPaC6kCzsTf7ZiFgLSs/z3%2B3uGxkqY%3D","marketplace","Find the latest research about AI","I'll provide a research paper link; Please analyze it","I will upload a PDF paper; Use critical skills to read it","Type ""LS"" to list my built-in crtical reading skills","public,reportable,uses_function_calls","browser,dalle,plugins_prototype,python","actions.sider.ai"
"2024-03-19","user-kaLQEupNDJ0ap1k0b2JAGhfy","g-cKXjWStaE","programming","https://chat.openai.com/g/g-cKXjWStaE-python","Python",300000,4.19,11424,47903,"A highly sophisticated GPT tailored for advanced Python programmers focusing on efficient and high-quality production code.","2023-12-07","2023-12-07T18:59:39.703721+00:00","2024-03-12","2024-03-12T06:34:37.824957+00:00","https://files.oaiusercontent.com/file-d1qj0wM8dorXSQFOHHG0xXo2?se=2123-11-14T04%3A22%3A18Z&sp=r&sv=2021-08-06&sr=b&rscc=max-age%3D1209600%2C%20immutable&rscd=attachment%3B%20filename%3D6c49541c-80ef-4466-9a4d-26b4f7ec1512.png&sig=DDGVKBK6DEhorfml8Q%2B/Z30JXUbM1W5cX/kkis9hgw8%3D","marketplace","How do I use you?","Please write an advanced example script to demonstrate your capabilities.","","","public,reportable","browser,dalle,python",""
"2024-03-19","user-eVKpydNkxr0zraI4tNzN06Hc","g-vI2kaiM9N","productivity","https://chat.openai.com/g/g-vI2kaiM9N-whimsical-diagrams","Whimsical Diagrams",300000,4.11,6161,25313,"Explains and visualizes concepts with flowcharts, mindmaps and sequence diagrams.","2023-11-25","2023-11-25T04:06:45.916593+00:00","2024-03-10","2024-03-10T20:32:28.491681+00:00","https://files.oaiusercontent.com/file-w1wRg58ZPtZgXXTQJqiEwJ4H?se=2124-01-06T16%3A22%3A56Z&sp=r&sv=2021-08-06&sr=b&rscc=max-age%3D1209600%2C%20immutable&rscd=attachment%3B%20filename%3DWhite%2520Icon%2520on%2520Gradient%2520SQ%25402x.png&sig=9eaJvzM4CZfWuo08Mik5OfaxwqRbEfZl0J333af9dRo%3D","marketplace","Show escalation process flowchart.","Sequence diagram for OAuth 2.0 flow.","Generate sitemap for a food delivery company.","Visualize ChatGPT architecture.","public,reportable,uses_function_calls","browser,dalle,plugins_prototype,python","whimsical.com"
"2024-03-19","user-SH2vazdt6sUC8qHmC7wVoX8I","g-eiZWZS9lY","","https://chat.openai.com/g/g-eiZWZS9lY-summarizer-v2","Summarizer V2",100000,"",0,0,"TV show content processor with markdown-formatted recap, FAQ, and summary modes.","2023-12-05","2023-12-05T04:06:08.503411+00:00","2023-12-07","2023-12-07T23:48:25.396661+00:00","https://files.oaiusercontent.com/file-N77cheT7HGwJbaMbDm0YXJVv?se=2123-11-11T04%3A09%3A44Z&sp=r&sv=2021-08-06&sr=b&rscc=max-age%3D31536000%2C%20immutable&rscd=attachment%3B%20filename%3D1f0d988e-0527-4255-b9d4-8b31348edac9.png&sig=AdRpuiyY5dmbiqLi3TaWPwBrXqREsVQFo4mIzD9Rj5k%3D","link","","","","","public,reportable","",""
"2024-03-19","user-b9sOQBarVjq9fr2EHTgYvebX","g-cJtHaGnyo","productivity","https://chat.openai.com/g/g-cJtHaGnyo-slide-creator","Slide Creator",100000,3.92,2453,9615,"Creates PowerPoint presentations.  Exports to PowerPoint, Google Slides & PDF.","2023-11-09","2023-11-09T22:35:09.263942+00:00","2024-03-11","2024-03-11T13:06:22.852567+00:00","https://files.oaiusercontent.com/file-gpYBWGifOu031arODeM7grRp?se=2123-10-20T15%3A06%3A10Z&sp=r&sv=2021-08-06&sr=b&rscc=max-age%3D31536000%2C%20immutable&rscd=attachment%3B%20filename%3DScreenshot%25202023-11-13%2520at%252016.02.15.png&sig=DgydBB/GeLeC14RXZ2ZV55qTRVP4luE6KlIZV1vTxs8%3D","marketplace","Make a presentation about the future of AI","Create a presentation on 2024 trends in banking","Create an outline for Innovations in Laboratory Science first, then the presentation","Tell me what you can do","public,reportable,uses_function_calls","browser,plugins_prototype","slidesgpt.com"
"2024-03-19","user-Axl3HnY1uTtlXzadazVeXgnN","g-0gFt7qej4","productivity","https://chat.openai.com/g/g-0gFt7qej4-presentation-slides","Presentation Slides",50000,3.75,1396,5234,"Crafts Detailed and Effective Presentations","2023-11-09","2023-11-09T03:31:55.207705+00:00","2024-03-15","2024-03-15T06:57:33.860422+00:00","https://files.oaiusercontent.com/file-PZ4AAfjYZgcOkUaaSfzI0QX8?se=2124-02-19T02%3A46%3A14Z&sp=r&sv=2021-08-06&sr=b&rscc=max-age%3D1209600%2C%20immutable&rscd=attachment%3B%20filename%3DDALL%25C2%25B7E%25202024-03-13%252022.45.57%2520-%2520Create%2520an%2520icon%2520of%2520a%2520presentation%2520board%2520with%2520a%2520pie%2520chart%252C%2520similar%2520to%2520the%2520uploaded%2520reference%2520image.%2520The%2520icon%2520should%2520be%2520simplistic%2520and%2520feature%2520clean%2520line.webp&sig=qRnri72rX%2Bb3UibANZiFT1GShp9Z4avI9zvZgoaedSI%3D","marketplace","Can you help me create a presentation on renewable energy?","How can I make my startup pitch deck more engaging?","I need to prepare a presentation on market analysis. Can you assist?","What are the key elements of an effective sales presentation?","public,reportable","browser,dalle",""
"2024-03-19","user-W4RSJYlsPeIuHlo2t5nYIWRd","g-FvojGs7rD","research","https://chat.openai.com/g/g-FvojGs7rD-stock-robo-ai-stock-analyst","Stock Robo   AI Stock Analyst",50000,3.53,489,1728,"AI Stock Analyst specializing in stock forecast and analysis for US stocks and ETFs, using a Causal Intelligence Model. Copilot for your trading.","2023-12-14","2023-12-14T07:02:38.494395+00:00","2024-03-11","2024-03-11T18:03:30.951394+00:00","https://files.oaiusercontent.com/file-xeia14QOjSUgEAyEtAtxTWNr?se=2123-12-03T07%3A40%3A36Z&sp=r&sv=2021-08-06&sr=b&rscc=max-age%3D1209600%2C%20immutable&rscd=attachment%3B%20filename%3Drobo12.png&sig=UmUKTMw1hTKpz5D5IXs3SGm%2BhrQmewYEcXHCv%2BUbdXc%3D","marketplace","Stock analysis for Microsoft","Stock analysis for Amazon","Stock analysis for SPY","Stock analysis for Apple","public,reportable,uses_function_calls","browser,plugins_prototype,python","api.prod.stockcode.ai"
"2024-03-04","user-NdHyFakxhpbGbQ7RgdZpZKGK","g-Gpu8ZMR52","productivity","https://chat.openai.com/g/g-Gpu8ZMR52-capcut-videogpt","CapCut VideoGPT",25000,3.45,140,483,"Ideas to videos or designs with vast templates. Text-to-video with auto voiceover and elements.","2023-11-17","2023-11-17T06:53:55.754505+00:00","2024-02-29","2024-02-29T19:25:58.678017+00:00","https://files.oaiusercontent.com/file-y6jo8cnsXtZ2muiAYAl0giGH?se=2123-10-24T06%3A55%3A28Z&sp=r&sv=2021-08-06&sr=b&rscc=max-age%3D31536000%2C%20immutable&rscd=attachment%3B%20filename%3Dlogo.png&sig=odi5P25X4UbUpn0d2IaKXr3aCyRg%2B/yUuGmkxYT%2B%2BQg%3D","marketplace","Generate a video about Olympic Games,16:9","Make a poster celebrating the New Year,1:1","Make a YouTube video on the topic: Specialty Coffee","Recommend some popular TikTok video templates,9:16","public,reportable,uses_function_calls","browser,plugins_prototype","www.capcut.com"
"2024-03-12","user-qUiMDuxoTzmXhNSgt3nYlTNc","g-UshQCD23y","productivity","https://chat.openai.com/g/g-UshQCD23y-ppt-powerpoint-maker-bot",".PPT Powerpoint Maker Bot",25000,2.96,521,1544,"GPT that creates and gives you downloadable ppt files","2023-11-09","2023-11-09T19:25:10.379873+00:00","2024-03-12","2024-03-12T06:36:41.453649+00:00","https://files.oaiusercontent.com/file-6hgMxmyk2W2701dzgVdHd9Qj?se=2123-10-16T20%3A05%3A30Z&sp=r&sv=2021-08-06&sr=b&rscc=max-age%3D31536000%2C%20immutable&rscd=attachment%3B%20filename%3Ddownload%2520%25281%2529.jpg&sig=yFd4QTvMkVzEEPzqiUSCmGwCzesFwK2q%2B/u04Z69CuM%3D","marketplace","I want to create a ppt for","I want a ppt (no images, no theme, just text) for","","","public,reportable","browser,dalle,python",""
"2024-03-19","user-MgRtm9y7uoZ0w24a2FGyW83e","g-MJM52gB3D","other","https://chat.openai.com/g/g-MJM52gB3D-video-gpt","Video GPT",25000,3.61,212,765,"AI Video Maker. Generate videos for social media - YouTube, Instagram, TikTok and more! Free text to video & speech tool with AI Avatars, TTS, music, and stock footage.","2024-01-25","2024-01-25T03:07:46.946324+00:00","2024-03-14","2024-03-14T19:36:01.308396+00:00","","marketplace","","","","","public,reportable","",""
"2024-03-19","user-Fsl1CmGVSxmpfiwWfVBM4CaS","g-iF6V6LCML","programming","https://chat.openai.com/g/g-iF6V6LCML-python","Python",10000,4.34,97,421,"Reliable in understanding complex tasks, creating clear execution plans, and offering detailed guidance in Python libraries and API services. Committed to engaging directly and personalizing support to your specific development journey.","2023-11-16","2023-11-16T06:43:55.590880+00:00","2024-02-05","2024-02-05T19:43:30.711647+00:00","https://files.oaiusercontent.com/file-qcxD2mw3lEgNEBm6eQm9i5Wz?se=2123-12-29T14%3A42%3A06Z&sp=r&sv=2021-08-06&sr=b&rscc=max-age%3D1209600%2C%20immutable&rscd=attachment%3B%20filename%3D42a9d78c-ac0c-4fad-81f8-953a29f6cbc1.png&sig=VkY4wLSQXLwGFfZVosZw4eBdUQBOcjPDz48VzgG8JnM%3D","marketplace","[API Integration] Develop a Python app using two APIs of your choice to demonstrate your skills. Define all necessary components yourself, no preferences..","[Beginner] Suggest one beginner-friendly Python project, choosing any foundational programming skills and tools you see fit.","[Advanced] Propose one advanced Python project, allowing you to select the technologies and concepts involved.","[Analyze] Analyze and suggest improvements for the provided Python code, especially redundant parts.","public,reportable","browser,python",""
"2024-03-19","user-EH6HwnuFDOG4tdTEIDZnA4oR","g-mnbxcjEs6","education","https://chat.openai.com/g/g-mnbxcjEs6-peulrato-plato-airo-baeuneun-yeongeo-oegugeo-swiun-hoehwa-speak-now","플라토(Plato) - AI로 배우는 영어, 외국어 쉬운 회화, Speak Now!",10000,4.83,12,58,"MZ들이 빠진 언어 공부는 플라토! 전 세계 모든 언어를 쉽게 배워보세요! AI가 맞춤형으로 안내해드립니다. 영어, 일본어, 중국어, 스페인어, 독일어, 프랑스어, 이탈리아어, 포르투갈어, 러시아어, 아랍어, 힌디어, 한국어, 네덜란드어, 스웨덴어, 덴마크어, 노르웨이어, 핀란드어, 터키어, 그리스어, 폴란드어, 체코어, 헝가리어, 태국어, 베트남어, 인도네시아어, 말레이시아어, 필리핀어, 페르시아어, 히브리어, 교육, 학습,다국어, 라이팅, 토론, 글쓰기, 공부,스킬, 플랫폼, 스픽,플리토,flitto","2024-01-18","2024-01-18T13:06:32.122884+00:00","2024-03-09","2024-03-09T06:42:06.512101+00:00","https://files.oaiusercontent.com/file-Z1snUMWhDCHnQGnBp3D3Es08?se=2123-12-25T13%3A12%3A30Z&sp=r&sv=2021-08-06&sr=b&rscc=max-age%3D1209600%2C%20immutable&rscd=attachment%3B%20filename%3D%25E1%2584%2591%25E1%2585%25B3%25E1%2586%25AF%25E1%2584%2585%25E1%2585%25A1%25E1%2584%2590%25E1%2585%25A9.png&sig=fiGcmy9jq2Xlg5g7WeJgS9JC9UtfMe12VAweRRClrwo%3D","marketplace","/튜토리얼","/통역모드 영어","/회화모드 영어","/대화모드 일본어","public,reportable","browser,dalle,python",""
"2024-03-19","user-72NoOm6aQ6mVTvEDG2XGr8Wg","g-8OcWVLenu","productivity","https://chat.openai.com/g/g-8OcWVLenu-calendar-gpt","Calendar GPT",10000,3.25,28,91,"I'm here to help you prepare for your day! Powered by Zapier's AI Actions.","2023-11-04","2023-11-04T18:10:07.798029+00:00","2024-01-12","2024-01-12T06:38:12.783960+00:00","https://files.oaiusercontent.com/file-Fr0eMOHgtMJueZ5JN22qaNoH?se=2123-10-12T15%3A32%3A13Z&sp=r&sv=2021-08-06&sr=b&rscc=max-age%3D31536000%2C%20immutable&rscd=attachment%3B%20filename%3DFrame%25204668.png&sig=5xmlNXn0cA2Fc0igzLsVO39ZpXiS6f34lmdAKEhD/y0%3D","marketplace","What's on my calendar today?","How's my day look tomorrow?","Help me do research for my next meeting.","How much free time do I have tomorrow?","public,reportable,uses_function_calls","browser,plugins_prototype","actions.zapier.com"
"2024-03-19","user-RdXVUreJ3cRPQYgHWhWYtc7y","g-pWbYqrykB","programming","https://chat.openai.com/g/g-pWbYqrykB-rust","Rust",10000,4.15,109,452,"You personal Rust assistant and project generator with a focus on responsive, beautiful, and scalable code. Write clean code and become a much faster developer.","2024-01-19","2024-01-19T17:43:32.058298+00:00","2024-03-17","2024-03-17T13:09:34.907741+00:00","https://files.oaiusercontent.com/file-kjD4X5tM14ZGLKZGvkNebIDa?se=2123-12-26T17%3A44%3A48Z&sp=r&sv=2021-08-06&sr=b&rscc=max-age%3D1209600%2C%20immutable&rscd=attachment%3B%20filename%3DFlutter.012.png&sig=DUeaFJlT1raJTIwRWEe/kHN%2B52DFnGkYhsKQk9IuQuE%3D","marketplace","Help me set up a full REST API in Rust","Create unit tests for my Rust project","Create a stock market data analysis tool","Teach me a useful skill or trick in Rust","public,reportable","browser",""
"2024-03-19","user-NmrwOW6s8nE7KfWbcqxdHXti","g-WlKgT4j1f","other","https://chat.openai.com/g/g-WlKgT4j1f-eumyangohaeng-yin-yang-wu-xing-sajupuli-sinnyeonunse-sinnyeonsaju-saju-unse-palja","음양오행(陰陽五行) - 사주풀이/신년운세/신년사주/사주/운세/팔자",10000,4,14,56,"당신이 타고난 기운과 음양오행의 이치를 통해 사주를 파악해드릴게요.  사주,운세,타로,팔자,관상,운명,궁합,작명,인생,사주풀이,사주팔자","2023-12-20","2023-12-20T04:23:24.187974+00:00","2024-02-07","2024-02-07T05:52:16.470495+00:00","https://files.oaiusercontent.com/file-pEuPx4vksPKQEetSCsDaDmO8?se=2123-11-26T04%3A55%3A24Z&sp=r&sv=2021-08-06&sr=b&rscc=max-age%3D1209600%2C%20immutable&rscd=attachment%3B%20filename%3DDALL%25C2%25B7E%25202023-12-20%252013.54.39%2520-%2520A%2520Korean%2520woman%2520in%2520her%252020s%252C%2520portrayed%2520as%2520a%2520shaman%2520with%2520a%2520thoughtful%2520and%2520understanding%2520expression.%2520Her%2520hair%2520is%2520neatly%2520styled%252C%2520embodying%2520maturity%2520and%2520emp.png&sig=8dDYsbP4SZuT%2BGKHj4Hd4GKEbiK%2BL6raIkHTu8%2B1juo%3D","marketplace","사주 보는 방법","제 사주에 결혼하기 좋은 시기가 언제인가요?","조심해야할 시기가 있나요?","재물운이 들어오는 때가 언제인지 알려주세요.","public,reportable","browser,dalle",""
"2024-03-19","user-aj0Ghu9z9wuh4zycP6D6e68t","g-G5diVh12v","writing","https://chat.openai.com/g/g-G5diVh12v-chatprd","ChatPRD",10000,4.34,79,343,"An on-demand Chief Product Officer that drafts and improves your PRDs, while coaching you to become an elite product manager.  The best product copilot for PMs & engineers.","2023-11-10","2023-11-10T19:33:18.948129+00:00","2024-01-12","2024-01-12T06:34:41.912475+00:00","https://files.oaiusercontent.com/file-qeVpUG3AJT0FINT4eZ6Gbt2q?se=2123-10-17T23%3A41%3A20Z&sp=r&sv=2021-08-06&sr=b&rscc=max-age%3D31536000%2C%20immutable&rscd=attachment%3B%20filename%3Dcvolawless_illustration_of_a_female_ceo_at_a_laptop_lo-fi_asthe_c60ce7fb-5902-474c-aa85-54c7469aa089.png&sig=eHU4/LmvHg96KaqivlhaLufaIleMC1wm3pE0kMQF1AA%3D","marketplace","Help me draft a PRD for phone-based authentication","How can I make this PRD better?","Let's brainstorm a roadmap for my billing product","What are good metrics for an AI chat product?","public,reportable","browser",""
"2024-03-19","user-99X6KtnS65yzlzCMWQdI9o7a","g-RlxGWrXEy","education","https://chat.openai.com/g/g-RlxGWrXEy-mathematical-statistics","Mathematical statistics",10000,4.22,307,1297,"Expert in graduate-level mathematical statistics, providing detailed and accurate explanations.","2023-11-20","2023-11-20T05:46:53.024968+00:00","2024-02-14","2024-02-14T17:51:43.670512+00:00","https://files.oaiusercontent.com/file-T1TmCJPp85JqetqbNxnwmq1w?se=2123-10-27T05%3A47%3A44Z&sp=r&sv=2021-08-06&sr=b&rscc=max-age%3D31536000%2C%20immutable&rscd=attachment%3B%20filename%3Dc40ef882-9f91-4328-9d21-188a9bc45188.png&sig=h%2B9hAy8cAWo1PRwWmh56RySze4SNcan4YYJlrJpGZP0%3D","marketplace","Explain the central limit theorem","How do I solve this statistical problem?","Difference between Bayesian and frequentist approaches","Application of Markov Chains in statistics","public,reportable","browser,dalle,python",""
"2024-03-19","user-5Vn4DssEN0QhfIOmUE6A87eL","g-mMk82EkTz","dalle","https://chat.openai.com/g/g-mMk82EkTz-animation-creation","Animation Creation",10000,3.76,67,252,"Create animated scenes and characters that resemble a 3D animated movie.","2023-11-10","2023-11-10T23:07:43.181790+00:00","2024-02-16","2024-02-16T04:48:12.261538+00:00","https://files.oaiusercontent.com/file-TQIYoxz3esetHhR21vgmdxIL?se=2123-10-17T23%3A32%3A50Z&sp=r&sv=2021-08-06&sr=b&rscc=max-age%3D31536000%2C%20immutable&rscd=attachment%3B%20filename%3DDALL%25C2%25B7E%25202023-11-10%252018.31.42%2520-%2520A%2520Pixar-style%2520scene%2520featuring%2520a%2520smiling%2520dog%2520in%2520a%2520vibrant%252C%2520colorful%2520setting.%2520The%2520dog%252C%2520with%2520a%2520joyful%2520expression%252C%2520is%2520playfully%2520chasing%2520butterflies%2520in%2520a%2520l.png&sig=lKRoWCQUAB3w2HQn0R6IVtUFPiJHnw7sEaKzCbl2f5Y%3D","marketplace","A smiling blue troll","A young girl with glasses chasing her kitten","Surprise me!","More examples ❤","public,reportable","dalle",""
"2024-03-19","user-otDgCDa0qybtjYWYl9Jf0JHZ","g-qTlA6nH36","lifestyle","https://chat.openai.com/g/g-qTlA6nH36-gym","Gym",10000,4.5,110,495,"#","2024-01-17","2024-01-17T21:55:06.876867+00:00","2024-03-01","2024-03-01T16:09:57.789733+00:00","https://files.oaiusercontent.com/file-hhYwXI0gLsV3hcGk0XjZOewf?se=2123-12-24T21%3A58%3A39Z&sp=r&sv=2021-08-06&sr=b&rscc=max-age%3D1209600%2C%20immutable&rscd=attachment%3B%20filename%3Dvector60-1276-01.jpg&sig=XPQbEnUjpWLthO/c1GRIwtwbaU3aOmp2gNNkINTtmKk%3D","marketplace","How do you work?","I need help creating a workout.","I need help doing a certain exercise.","Whats the best way to lose weight?","public,reportable","browser,dalle,python",""
"2024-03-19","user-gkhja9YyXO52QNW5o6ufVT63","g-R9Dry2N5h","research","https://chat.openai.com/g/g-R9Dry2N5h-paper-interpreter-international","Paper Interpreter (international)",10000,4.02,66,265,"Automatically structure and decode academic papers with ease - simply upload a PDF!","2023-11-14","2023-11-14T03:53:00.764842+00:00","2024-02-24","2024-02-24T03:31:58.434992+00:00","https://files.oaiusercontent.com/file-M7QUmzA2WSeEpLatnt1YqafS?se=2123-10-21T04%3A35%3A45Z&sp=r&sv=2021-08-06&sr=b&rscc=max-age%3D31536000%2C%20immutable&rscd=attachment%3B%20filename%3D%25E3%2582%25B9%25E3%2582%25AF%25E3%2583%25AA%25E3%2583%25BC%25E3%2583%25B3%25E3%2582%25B7%25E3%2583%25A7%25E3%2583%2583%25E3%2583%2588%25202023-11-14%252013.32.50.jpeg&sig=BcgUpkbTPn50Pi2pK8fvqg4yr4brZAieMWs2cy500s8%3D","marketplace","Just upload the PDF here!(no text requred)","","","","public,reportable","",""
"2024-03-19","user-CvNC1yBjh6W7N2InJ55fF5C8","g-4ohyS9OlJ","productivity","https://chat.openai.com/g/g-4ohyS9OlJ-presentation-creator","Presentation Creator",10000,3.71,181,672,"Master for creating and refining PowerPoint presentations design powered by PopAi Creation, creating structured, engaging presentations for any language.","2024-01-11","2024-01-11T08:26:34.904370+00:00","2024-03-12","2024-03-12T20:03:36.226052+00:00","https://files.oaiusercontent.com/file-KSMKX33cRt4p5Y6vXW7auA0h?se=2123-12-22T03%3A18%3A35Z&sp=r&sv=2021-08-06&sr=b&rscc=max-age%3D1209600%2C%20immutable&rscd=attachment%3B%20filename%3Dpresentation%2520creator.webp&sig=C7ibrK/jhXOOEfI2JcbLVQD77bC3KpQHsG%2ByLK4Sq/I%3D","marketplace","Introduce NEOM city to British Tourism","Unveiling the Missions of HelpCare Foundation","Short Drama Global Distribution Solution","How to Build a Super Individual in the AI Era","public,reportable,uses_function_calls","browser,dalle,plugins_prototype","api.popai.pro"
"2024-03-19","user-VqlILbHTTe1nfVfkg2GDqfbw","g-52FEjkr1P","research","https://chat.openai.com/g/g-52FEjkr1P-statistic-data-analyst","Statistic & Data Analyst",5000,4.17,225,938,"Statistic and Data Analyst assistent","2023-12-17","2023-12-17T21:31:21.829587+00:00","2023-12-17","2023-12-17T22:07:23.766230+00:00","https://files.oaiusercontent.com/file-cnylDy9vTJBi6BjYNi5HvSJY?se=2123-11-23T22%3A07%3A19Z&sp=r&sv=2021-08-06&sr=b&rscc=max-age%3D1209600%2C%20immutable&rscd=attachment%3B%20filename%3Dfb207d9e-518c-4ad1-aa4c-81b72c565d48.png&sig=%2BcuW9jFE96fhCfGX38KMz48gFtiqslz14O91QtGpqqw%3D","marketplace","Read this paper and describe the statistic method used. Explain as simple as possible what was done, the statist experiment design and critizi it. What would be your recommendation if we would rerun this trial.","","","","public,reportable","browser,dalle,python",""
"2024-03-19","user-xrlMqHNOFBHsdG0zoqUwerbw","g-nnOW798wT","writing","https://chat.openai.com/g/g-nnOW798wT-translate","Translate",5000,4.13,153,632,"Expert in translating text, images, and audio across languages. Upload your homework, translate a song, or check the grammar rules. Everything is possible with your personal language tutor.","2024-01-05","2024-01-05T14:39:24.023718+00:00","2024-01-30","2024-01-30T20:03:13.503810+00:00","https://files.oaiusercontent.com/file-9LHyZcNboVMJo4nxIMKWp0KI?se=2123-12-12T15%3A03%3A18Z&sp=r&sv=2021-08-06&sr=b&rscc=max-age%3D1209600%2C%20immutable&rscd=attachment%3B%20filename%3Ddownload.png&sig=GPQEpTFfQcCtdIXtqE7CPfYnr0GW8adK6gNTS5dKZxg%3D","marketplace","Where is the closest bus station?","Doppelganger","他不仅代表自己的州，还代表整个国家","Solve the problems in the image.","public,reportable","browser",""
"2024-03-19","user-OlpGfdcrSO7g1IoUEXBBzscd","g-3gy1utgT4","other","https://chat.openai.com/g/g-3gy1utgT4-legendas-automaticas","LEGENDAS AUTOMÁTICAS",5000,4.64,56,260,"Gerador de legendas para Instagam treinado pela Copfy.","2024-01-08","2024-01-08T16:36:28.790205+00:00","2024-01-10","2024-01-10T23:06:45.844108+00:00","https://files.oaiusercontent.com/file-QB9IPRRMvjxuJN6uegkoZQ6t?se=2123-12-15T16%3A38%3A12Z&sp=r&sv=2021-08-06&sr=b&rscc=max-age%3D1209600%2C%20immutable&rscd=attachment%3B%20filename%3D29e42c04-bd9a-4d24-ac8f-bb0cc04e132a.png&sig=jRytZRH2lQ1KED3NcinoAgkrGQMUE5I1y10zGeyoVJI%3D","link","","","","","public,reportable","browser,dalle",""
"2024-03-19","user-qxq0Vn94bZ2Wqas4qeFw4PyG","g-Lj07Aq7sC","productivity","https://chat.openai.com/g/g-Lj07Aq7sC-summarize","Summarize!",5000,4.33,52,225,"In-depth Analysis, Summary, Action Plan and Further Reading Suggestions. Can be used also to summarize historical events, scientific subjects, news, etc...","2023-11-15","2023-11-15T09:25:01.611838+00:00","2024-02-28","2024-02-28T12:13:00.635954+00:00","https://files.oaiusercontent.com/file-CAKf45Yq4zGQhwC3iEu6npyR?se=2123-12-23T20%3A20%3A20Z&sp=r&sv=2021-08-06&sr=b&rscc=max-age%3D1209600%2C%20immutable&rscd=attachment%3B%20filename%3Dcesar.jpg&sig=CZOgxZ/UlGdarsK0FohQ%2B35JBVnuZgYuzwLtxYBJLu4%3D","marketplace","","","","","public,reportable","browser,python",""
"2024-03-19","user-tts7TwhBPUR5RduNdSVoz8sp","g-W1478MylI","writing","https://chat.openai.com/g/g-W1478MylI-linked-in-post-creator","Linked In Post Creator",5000,4.03,78,314,"Crafts LinkedIn posts from prompts and data, maintaining a professional tone.","2023-11-18","2023-11-18T21:46:45.230572+00:00","2024-01-22","2024-01-22T18:42:30.073289+00:00","https://files.oaiusercontent.com/file-c26F4BXAI3DAkZeGFddJxg0N?se=2123-10-25T22%3A36%3A05Z&sp=r&sv=2021-08-06&sr=b&rscc=max-age%3D31536000%2C%20immutable&rscd=attachment%3B%20filename%3D52cba280-3908-4769-9f83-b0283c1e72d0.png&sig=an/%2BwMU/1LxVnPjszlZVUWFLaULD4RpU3debSFrsUSw%3D","marketplace","Create a LinkedIn post about recent market trends.","Draft a post summarizing my project's success.","Compose a LinkedIn update on my latest research findings.","Generate a post from these sales figures.","public,reportable","browser,dalle,python",""
"2024-03-19","user-dWNLgScvUyguMti2iCWMWLH4","g-q6mQJ4qYz","productivity","https://chat.openai.com/g/g-q6mQJ4qYz-classic-chatgpt-google","Classic ChatGPT + Google",5000,3.74,104,389,"Just like the classic ChatGPT, except it uses Google instead of Bing.  It's ⚡lightning fast, and has access to current information!","2024-01-11","2024-01-11T00:22:38.779696+00:00","2024-02-23","2024-02-23T17:09:44.338249+00:00","https://files.oaiusercontent.com/file-IXusxurqdAMKLT0uI768hLb8?se=2123-12-18T00%3A28%3A25Z&sp=r&sv=2021-08-06&sr=b&rscc=max-age%3D1209600%2C%20immutable&rscd=attachment%3B%20filename%3Dbrotherhanan_clean_flat_abstract_simple_thick_outlines_openai_s_76253dc7-0374-4b8f-b7ee-256237bc9f19.png&sig=lF0yyvPCPgrZu0WsmqKwY7tFx5BLQT8CsoU2VJ4Vw4w%3D","marketplace","What's the latest in AI News?","What are the top ten most interesting devices released in CES 2024, and why?","What are Tesla's current stock values?","","public,reportable,uses_function_calls","dalle,plugins_prototype,python","server.searchweb.keymate.ai"
"2024-03-19","user-UrfPjdsQCD008k16OuMEqLRM","g-XLibUCa3f","dalle","https://chat.openai.com/g/g-XLibUCa3f-ai-drawing-image-generator","AI Drawing Image Generator",5000,3.58,123,440,"AI Image Generator Free Online & Generate Detailed Images From Scribbled Drawings","2023-12-20","2023-12-20T13:56:05.153438+00:00","2024-03-18","2024-03-18T04:35:48.897553+00:00","https://files.oaiusercontent.com/file-60tqbiu0qMLWo0015BVxYGqI?se=2123-11-26T13%3A58%3A10Z&sp=r&sv=2021-08-06&sr=b&rscc=max-age%3D1209600%2C%20immutable&rscd=attachment%3B%20filename%3D11b589bd-2dd1-4a38-8152-87e76e82743c.png&sig=8N9z/8/LkYQVtIb19qHa%2BjPWP0%2BclIXwdezsgMPmNew%3D","marketplace","Turn my sketch into a detailed image","Create an image from this description","Enhance my drawing with details","Generate a visual based on this concept","public,reportable","browser,dalle",""
"2024-03-19","user-0vH8vDvTMzsrgZGPRYAIodro","g-LppT0lwkB","writing","https://chat.openai.com/g/g-LppT0lwkB-openstorytelling-plus","OpenStorytelling Plus",5000,4.47,19,85,"AI-Driven Creative Writing & Screenplay Tool: Ideation, Outlining, Character, Scenes, Subtext for Stories, Books, Film Scripts & More — www.OpenStorytelling.com","2023-11-09","2023-11-09T23:48:43.757329+00:00","2024-01-18","2024-01-18T01:44:56.801159+00:00","https://files.oaiusercontent.com/file-fJWklRsJyPxMcotGUdkQrXOR?se=2123-12-25T01%3A44%3A51Z&sp=r&sv=2021-08-06&sr=b&rscc=max-age%3D1209600%2C%20immutable&rscd=attachment%3B%20filename%3DOpenStorytellingLogo512.png&sig=fSUB9DjYqFCNSuR4w02f2JsQMwXbpchw2uYxlJ8J1G8%3D","marketplace","What questions can I ask","Where do I start — can you provide a syllabus","Children's story for Anna, Ollie with image","/help — Why OpenStorytelling Plus","public,reportable,uses_function_calls","browser,dalle,plugins_prototype,python","api.github.com"
"2024-03-19","user-XRKvf9CbgSpn9NbdspqNIp4K","g-Hj4DkJtuE","research","https://chat.openai.com/g/g-Hj4DkJtuE-free-ai-seo-keyword-research-tool","FREE AI SEO Keyword Research Tool",5000,4.13,31,128,"Find easy SEO keywords to rank for fast, with this FREE AI SEO keyword research tool.","2023-11-17","2023-11-17T01:31:47.573212+00:00","2024-03-15","2024-03-15T02:43:00.671557+00:00","https://files.oaiusercontent.com/file-Gg1RqL4Xm9evCN4DYpYSGRhz?se=2123-10-24T01%3A53%3A22Z&sp=r&sv=2021-08-06&sr=b&rscc=max-age%3D31536000%2C%20immutable&rscd=attachment%3B%20filename%3D9b4f32ff-b0e5-4505-ac0a-db987d8e86f9.png&sig=KCCn1u05HQRlwnQpvyY1wzUxlKS65jtfXRVTSHEa0no%3D","marketplace","Type the niche of your website below","I want a FREE SEO Strategy Session","I want help with SEO","I want help with growing my agency","public,reportable","browser,dalle",""
"2024-03-19","user-jIesml1tSicKPvtK8aR7Shmg","g-uVn4O2oB4","productivity","https://chat.openai.com/g/g-uVn4O2oB4-flow-chart-genius","Flow Chart Genius",5000,3.03,100,303,"I create flow charts to explain connections.","2023-11-10","2023-11-10T03:43:27.189356+00:00","2024-02-19","2024-02-19T19:41:58.581059+00:00","https://files.oaiusercontent.com/file-MY5EKJn0yLfowf39ihMIfzpX?se=2123-10-17T03%3A51%3A50Z&sp=r&sv=2021-08-06&sr=b&rscc=max-age%3D31536000%2C%20immutable&rscd=attachment%3B%20filename%3Dc4269d72-b8d3-458e-8715-3a7fd1b1b3b7.png&sig=7ChOqYnnPxhoU9RQoPsKS0BLK0TiDBUV7jae%2BheUUOU%3D","marketplace","How can I show these concepts are linked?","I need a flow chart for a process.","What should I include in my flow chart?","Can you help me design a flow chart?","public,reportable","browser,dalle,python",""
"2024-03-19","user-329kuz5RCWKGWlbaUCkGJnTE","g-ZbDOdkbFb","writing","https://chat.openai.com/g/g-ZbDOdkbFb-seangpt-copywriting-coach-consultant","SeanGPT - Copywriting Coach & Consultant",5000,4.41,111,489,"A copywriting coach and consultant based on Sean Vosler's ""7 Figure Marketing Copy"" book, it can critique, coach, and even write copy for you and your offer.   You can attach reference materials as well such as your product details, audience details, etc... or just paste your website url in chat!","2023-11-13","2023-11-13T15:03:00.703047+00:00","2024-01-09","2024-01-09T16:04:14.339857+00:00","https://files.oaiusercontent.com/file-7Q7h0AzZeCz4LlWSAq6Shoei?se=2123-10-20T16%3A19%3A08Z&sp=r&sv=2021-08-06&sr=b&rscc=max-age%3D31536000%2C%20immutable&rscd=attachment%3B%20filename%3Dbbc692ac-8daa-48c6-94fd-4d8822fc4ef6.png&sig=ofzxPcGAWUkS1M28kzmqQAtsNYMK2zweXA1VrYTVVQs%3D","marketplace","I'm going to give you some copy I just wrote, can you help critique it?","I'd like to write some ads based on Sean Vosler's methods for my business...","Help me understand my target audience.","Write me a persuasive  thought leadership post.","public,reportable","browser,dalle",""
"2024-03-19","user-fM7hKwAuSTlWAcvuQbCrmK8K","g-kD2LQB0RB","writing","https://chat.openai.com/g/g-kD2LQB0RB-music-maker","Music Maker",5000,3.92,25,98,"Music creator from text prompts (.wav, .mp3, stems & midi) powered by CassetteAI. This GPT is your Copilot for Music Creation with AI.","2023-11-09","2023-11-09T19:25:23.182259+00:00","2024-03-12","2024-03-12T21:46:06.427486+00:00","https://files.oaiusercontent.com/file-nwtoIbnuDFR2zA7EoFSsDEMb?se=2124-02-09T04%3A21%3A29Z&sp=r&sv=2021-08-06&sr=b&rscc=max-age%3D1209600%2C%20immutable&rscd=attachment%3B%20filename%3DMusic%2520Maker%2520AI%2520CassetteAI%2520GPT%2520Audio%2520mp3%2520Song%2520Creator%2520.png&sig=Xz1JDNDA6iAk1SoSomYP2WEEvc0ug7LYGjyzNlZmACE%3D","marketplace","Compose a chill lofi hip hop track with a relaxed beat, subtle melodic elements, and ambient soundscapes for studying and relaxation.","Energetic and lively music embodying the essence of a festive party atmosphere, with a catchy beat and joyful melodies.","Create a mellow, dark, and sad trap beat with introspective hip-hop influences, echoing the emotional depth found in thoughtful and reflective rap music.","Energetic EDM track featuring an uplifting drum build-up leading to a euphoric drop.","public,reportable,uses_function_calls","browser,dalle,plugins_prototype","cassetteai.com"
"2024-03-19","user-wfZmGxj8OfVmYyiyRMAkyNrQ","g-C7a88QZNK","research","https://chat.openai.com/g/g-C7a88QZNK-economics-math","Economics + Math",5000,4.28,148,634,"Error checking and explanation in Econ and Math. Designed to support learning by simplifying and clarifying complex subjects in these disciplines. It serves as an excellent support for students & professionals in the field. Created by an economics student. Last updated March 7, Feedback is welcome.","2023-11-10","2023-11-10T07:16:32.000740+00:00","2024-03-07","2024-03-07T14:34:47.621311+00:00","https://files.oaiusercontent.com/file-Asa6JyWZrG0wybd9ZdTYmT3i?se=2123-12-15T14%3A56%3A25Z&sp=r&sv=2021-08-06&sr=b&rscc=max-age%3D1209600%2C%20immutable&rscd=attachment%3B%20filename%3Df67e3be7-c081-4f24-a384-11a8eb8f0904.png&sig=VXMIGMHTjlx/rbY0dE7UxN008UCBhrmoACNihXirl38%3D","marketplace","Can you check this math proof for errors?","Explain this economic theory simply.","Is my calculation correct in this econ problem?","How does this math concept work?","public,reportable","browser,dalle,python",""
"2024-03-19","user-EjFbyWl9vYzIZThNf3gcn7kU","g-8QzsADnHK","research","https://chat.openai.com/g/g-8QzsADnHK-ai-stock-predictor","AI Stock Predictor",1000,3.75,4,15,"A stock market analyst offering data-driven predictions, not financial advice.","2024-01-10","2024-01-10T18:28:05.110776+00:00","2024-01-14","2024-01-14T04:02:02.253601+00:00","https://files.oaiusercontent.com/file-rbHB1YtCBR67HmBAfbJ4FliM?se=2123-12-17T18%3A36%3A01Z&sp=r&sv=2021-08-06&sr=b&rscc=max-age%3D1209600%2C%20immutable&rscd=attachment%3B%20filename%3D41401635-3b2d-4f68-8863-a1eecb8fec8b.png&sig=xFlNkUNc%2BfwQEAWB98AkNaaBwSK69GzWhVNNcr3f9Rc%3D","marketplace","What do the recent trends in the S&P 500 indicate?","Can you analyze Tesla's stock performance?","How does inflation impact stock markets?","What are key indicators to watch in the tech sector?","public,reportable,uses_function_calls","plugins_prototype","api.zerobot.ai"
"2024-03-19","user-K7RglrM3xNnTjjFVkuS66swL","g-2Vi1rfYki","writing","https://chat.openai.com/g/g-2Vi1rfYki-duo-ping-tai-bao-kuan-wen-an-da-ren-han-xiao-hong-shu","多平台爆款文案达人（含小红书）",1000,"",0,0,"帮你撰写最适合不同平台风格的爆款内容并配图，支持平台：小红书、即刻、LinkedIn、Twitter。作者：twitter.com/HeySophiaHong","2023-11-10","2023-11-10T21:46:25.554168+00:00","2024-02-16","2024-02-16T09:09:07.075368+00:00","https://files.oaiusercontent.com/file-StQnUisH4jmCSv9VZpmS8Rr0?se=2123-10-29T04%3A02%3A41Z&sp=r&sv=2021-08-06&sr=b&rscc=max-age%3D31536000%2C%20immutable&rscd=attachment%3B%20filename%3DXiaohongshuLOGO.png&sig=teRmlk10cYemYRNMdobEq0YykbAzw38oEKvFwl/iXi4%3D","marketplace","我的原始帖子：新人报道，很高兴认识大家","AI Anywhere太好用了，可以一键翻译、润色、解释、总结、回复等，快去ai-anywhere.com下载软件吧","XXX护肤品美白效果非常好","Improve my LinkedIn post: [Original post here]","public,reportable","dalle",""
"2024-03-19","user-7yY8T7aF7Lc7CbR4YbabZTfS","g-k74wR8Sl0","productivity","https://chat.openai.com/g/g-k74wR8Sl0-tech-support","Tech Support",1000,4.42,48,212,"Expert IT tech support, answering advanced user queries.","2023-11-15","2023-11-15T13:44:06.927905+00:00","2024-02-27","2024-02-27T18:50:28.282260+00:00","https://files.oaiusercontent.com/file-zoebAPKgqCgtsFNOumDVMHQF?se=2123-12-18T20%3A52%3A54Z&sp=r&sv=2021-08-06&sr=b&rscc=max-age%3D1209600%2C%20immutable&rscd=attachment%3B%20filename%3DIMG_1891.jpeg&sig=8If%2BYkZnZAThctVv76myUBDOml6yBtsEzj8XgIwuf/8%3D","marketplace","Why is my computer running slow?","Why can’t I send emails?","My computer wont turn on","I can’t print","public,reportable","browser",""
"2024-03-19","user-j8HAoNwI0yjhBvmP0YbdOxvp","g-S3Zhm3FJM","research","https://chat.openai.com/g/g-S3Zhm3FJM-financial-analysis-valuation-expert","Financial Analysis & Valuation Expert",1000,4.22,36,152,"In-depth analyst for financial statements, valuation and competitor comparison. Includes fraud detection, based on forensic account expertise. Model trained with both public available methods and input from private real-world experts.","2024-01-05","2024-01-05T15:40:29.899126+00:00","2024-03-01","2024-03-01T16:53:58.163889+00:00","https://files.oaiusercontent.com/file-XklpUzuiOYT2GQ2HkD4WaJgc?se=2123-12-12T15%3A57%3A31Z&sp=r&sv=2021-08-06&sr=b&rscc=max-age%3D1209600%2C%20immutable&rscd=attachment%3B%20filename%3D52684e7a-2d0d-4937-a64a-16b31a74855f.png&sig=yaPtmVWhYwqKhY0HbVVztjF%2B4mlzQKiNJCdEn6OUjrg%3D","marketplace","Analyze this company's financial statement with a focus on [specific factor].","Discuss the valuation methodology for this investment.","What are the downside risks for this company?","How does this company compare with its competitors in the sector?","public,reportable","browser,dalle",""
"2024-03-19","user-O0nrGFQXZ4r6YRqfgTdFZgiH","g-FKowQFKRU","programming","https://chat.openai.com/g/g-FKowQFKRU-coding-interview-coach","Coding Interview Coach",1000,4.3,10,43,"AI Coding Interview Coach:  algorithms & data structures, system design & machine learning expert. Prepare for FAANG SDE & AI Engineering interviews with LeetCode, HackerRank & Grokking style technical interviews. Ace Google, Meta (Facebook), Amazon, Apple, Netflix, Stripe & more coding interviews.","2023-11-15","2023-11-15T15:21:32.920845+00:00","2024-03-12","2024-03-12T15:00:53.144683+00:00","https://files.oaiusercontent.com/file-eJsJLU0kqtojAWTpmvpqY2v5?se=2124-01-01T17%3A22%3A53Z&sp=r&sv=2021-08-06&sr=b&rscc=max-age%3D1209600%2C%20immutable&rscd=attachment%3B%20filename%3Db7a4232a-1f65-4f14-b1d7-a6f20a4a9e40.png&sig=5S3j%2BB3RH1etk0664/YUy1zwDv0AvhG7vPkjTnhqtb0%3D","marketplace","Give me a timed system design question","Can you simulate a behavioral interview question?","How can I improve my coding for FAANG interviews?","Let's solve the Blind 75 LeetCode problems","public,reportable","browser,dalle,python",""
"2024-03-19","user-MdJQrK3HRsN0lLWw0CCuGiV9","g-2ddygPKn0","other","https://chat.openai.com/g/g-2ddygPKn0-ai-landscape-design-architecture","Ai Landscape Design & Architecture",1000,3.32,25,83,"Expert services in landscape design, landscape architecture, landscaping ideas, landscape lighting, garden landscaping, and garden services. Call   for creative, AI-assisted landscaping solutions.","2023-12-29","2023-12-29T06:58:34.779910+00:00","2024-03-10","2024-03-10T21:56:40.633656+00:00","https://files.oaiusercontent.com/file-QrwDVVmL6lnnVSB9erBbKQYt?se=2123-12-05T07%3A00%3A07Z&sp=r&sv=2021-08-06&sr=b&rscc=max-age%3D1209600%2C%20immutable&rscd=attachment%3B%20filename%3D95e038c6-2549-4513-9997-a7cf752a43b6.png&sig=KehKDktTY8ddIxNaAnia3RRWheE%2BaUnVn8R2FJ/QExc%3D","marketplace","How to use this tool?","Need landscape lighting tips?","Residential Landscaping Ideas?","Need Cabin Building Plans PDF?","public,reportable","browser,dalle",""
"2024-03-19","user-QeUnLEcmxOvuKDgRaunXOLEy","g-XoeIm1Zpo","","https://chat.openai.com/g/g-XoeIm1Zpo-saas-gpt-lab","SaaS GPT Lab",1000,4,5,20,"SaaS knowledge base bot that prioritizes 100 expert sources (like SaaStr, BVP, OpenView, and Dave Kellogg)","2023-11-12","2023-11-12T16:15:32.560526+00:00","2023-12-07","2023-12-07T01:09:36.111638+00:00","https://files.oaiusercontent.com/file-wDY39H5rULhmTTuYAdfIv0f3?se=2123-10-19T16%3A20%3A24Z&sp=r&sv=2021-08-06&sr=b&rscc=max-age%3D31536000%2C%20immutable&rscd=attachment%3B%20filename%3D7b332838-c260-4b61-906a-08074dec1589.png&sig=R%2BQb0VHlQh0dH/7hXtrPILRdCyid6JmArS0/OFy4AzA%3D","link","At what ARR should you hire a VP of Sales?","SaaS metrics needed to raise a Series A in 2023?","Jason Lemkin advice to a CEO in 20 bullet points","Minimum vertical SaaS TAM to raise VC?","public,reportable","browser,python",""